{
    "CNC_01": {
        "mean": {
            "temperature_C": 72.7877211498403,
            "vibration_mm_s": 2.032424663241217,
            "current_A": 12.66570754061936
        },
        "variance": {
            "temperature_C": 4.198909486676233,
            "vibration_mm_s": 0.2202797590805289,
            "current_A": 0.15794400278896445
        },
        "std": {
            "temperature_C": 2.049124077911397,
            "vibration_mm_s": 0.46933970541658726,
            "current_A": 0.3974216939083276
        }
    },
    "CNC_02": {
        "mean": {
            "temperature_C": 69.07748227668624,
            "vibration_mm_s": 1.5008800891229492,
            "current_A": 11.982534940247113
        },
        "variance": {
            "temperature_C": 23.310422506775897,
            "vibration_mm_s": 0.0012123419452569222,
            "current_A": 0.6881419072668504
        },
        "std": {
            "temperature_C": 4.828086837120465,
            "vibration_mm_s": 0.034818701085148514,
            "current_A": 0.8295431919236336
        }
    },
    "PUMP_03": {
        "mean": {
            "temperature_C": 55.008457750952985,
            "vibration_mm_s": 2.3018265565438374,
            "current_A": 18.070594027954254
        },
        "variance": {
            "temperature_C": 0.9136704884450761,
            "vibration_mm_s": 0.2961468776171161,
            "current_A": 0.2529220616895077
        },
        "std": {
            "temperature_C": 0.9558611240368949,
            "vibration_mm_s": 0.5441937868233302,
            "current_A": 0.502913572783145
        }
    },
    "CONVEYOR_04": {
        "mean": {
            "temperature_C": 44.999386552103104,
            "vibration_mm_s": 0.8998791088020781,
            "current_A": 8.496767908882006
        },
        "variance": {
            "temperature_C": 0.6052944278007508,
            "vibration_mm_s": 0.00042865245020488814,
            "current_A": 0.0215074282426392
        },
        "std": {
            "temperature_C": 0.7780067016425699,
            "vibration_mm_s": 0.02070392354615154,
            "current_A": 0.14665411089580543
        }
    }
}